Reference,Value,Footprint,MPN
U1,ESP32-S3-WROOM-1-N16R8,RF_Module:ESP32-S3-WROOM-1,ESP32-S3-WROOM-1-N16R8
U2,LM1117-3.3,Package_TO_SOT_SMD:SOT-223-3_TabPin2,LM1117MP-3.3
U3,MAX485,Package_SO:SOIC-8_3.9x4.9mm_P1.27mm,MAX485ESA+
R1,10k,Resistor_SMD:R_0805_2012Metric,
R2,10k,Resistor_SMD:R_0805_2012Metric,
R3,20k,Resistor_SMD:R_0805_2012Metric,
R4,10k,Resistor_SMD:R_0805_2012Metric,
R5,20k,Resistor_SMD:R_0805_2012Metric,
R8,10k,Resistor_SMD:R_0805_2012Metric,
R9,20k,Resistor_SMD:R_0805_2012Metric,
R6,10k,Resistor_SMD:R_0805_2012Metric,
R7,120,Resistor_SMD:R_0805_2012Metric,
C1,220u 10V,Capacitor_Tantalum_SMD:CP_EIA-6032-28_Kemet-C,TAJC227M010RNJ
C3,100u 10V,Capacitor_Tantalum_SMD:CP_EIA-6032-28_Kemet-C,TAJC107M010RNJ
C2,100n 50V,Capacitor_SMD:C_0805_2012Metric,
C4,100n 50V,Capacitor_SMD:C_0805_2012Metric,
C5,100n 50V,Capacitor_SMD:C_0805_2012Metric,
C6,100n 50V,Capacitor_SMD:C_0805_2012Metric,
C7,1u 16V,Capacitor_SMD:C_0805_2012Metric,
C8,10u 10V,Capacitor_SMD:C_0805_2012Metric,
SB1,SB1,Button_Switch_SMD:SW_SPST_TL3342,
SB2,SB2,Button_Switch_SMD:SW_SPST_TL3342,
JP1,TERM ENABLE,Jumper:SolderJumper-2_P1.3mm_Open_Pad1.0x1.5mm,
TP1,UART0_TX,TestPoint:TestPoint_Pad_D2.0mm,
TP2,UART0_RX,TestPoint:TestPoint_Pad_D2.0mm,
TP3,GND,TestPoint:TestPoint_Pad_D2.0mm,
TP4,EN,TestPoint:TestPoint_Pad_D2.0mm,
TP5,BOOT,TestPoint:TestPoint_Pad_D2.0mm,
TP6,+3V3,TestPoint:TestPoint_Pad_D2.0mm,
TP7,A,TestPoint:TestPoint_Pad_D2.0mm,
TP8,B,TestPoint:TestPoint_Pad_D2.0mm,
TP9,+5V,TestPoint:TestPoint_Pad_D2.0mm,
TP10,GND,TestPoint:TestPoint_Pad_D2.0mm,
TP11,MAIN_TX_5V,TestPoint:TestPoint_Pad_D2.0mm,
TP12,H_TX,TestPoint:TestPoint_Pad_D2.0mm,
TP13,+5V,TestPoint:TestPoint_Pad_D2.0mm,
TP14,GND,TestPoint:TestPoint_Pad_D2.0mm,
TP15,FACTORY_TX,TestPoint:TestPoint_Pad_D2.0mm,
TP16,F_TX,TestPoint:TestPoint_Pad_D2.0mm,
