Reference,Pad,Net
C1,1,+5V
C1,2,GND
C2,1,+5V
C2,2,GND
C3,1,+3V3
C3,2,GND
C4,1,+3V3
C4,2,GND
C5,1,+3V3
C5,2,GND
C6,1,+5V
C6,2,GND
C7,1,EN
C7,2,GND
C8,1,+3V3
C8,2,GND
JP1,1,TERM
JP1,2,B
R1,1,+3V3
R1,2,EN
R2,1,MAIN_TX_5V
R2,2,H_RX
R3,1,H_RX
R3,2,GND
R4,1,RO_5V
R4,2,MB_RX
R5,1,MB_RX
R5,2,GND
R6,1,DIR
R6,2,GND
R7,1,A
R7,2,TERM
R8,1,FACTORY_TX
R8,2,F_RX
R9,1,F_RX
R9,2,GND
SB1,1,BOOT
SB1,2,GND
SB2,1,EN
SB2,2,GND
TP1,1,UART0_TX
TP10,1,GND
TP11,1,MAIN_TX_5V
TP12,1,H_TX
TP13,1,+5V
TP14,1,GND
TP15,1,FACTORY_TX
TP16,1,F_TX
TP2,1,UART0_RX
TP3,1,GND
TP4,1,EN
TP5,1,BOOT
TP6,1,+3V3
TP7,1,A
TP8,1,B
TP9,1,+5V
U1,1,GND
U1,10,H_TX
U1,11,H_RX
U1,12,MB_RX
U1,17,MB_TX
U1,2,+3V3
U1,23,DIR
U1,27,BOOT
U1,3,EN
U1,36,UART0_RX
U1,37,UART0_TX
U1,40,GND
U1,41,GND
U1,8,F_RX
U1,9,F_TX
U2,1,GND
U2,2,+3V3
U2,3,+5V
U3,1,RO_5V
U3,2,DIR
U3,3,DIR
U3,4,MB_TX
U3,5,GND
U3,6,A
U3,7,B
U3,8,+5V
